"","Set-EGARCH-LSTM","Window","MAE","RMSE","MAPE"
"1","Train","5","0.00103148300903991","0.00141126654725422","0.293210164803004"
"2","Train","10","0.000622290280350797","0.000857071719065348","0.146576913764087"
"3","Train","22","0.000430866167128236","0.00058494198651242","0.0930850879252692"
"4","Val","5","0.00140859092928782","0.00214748841311809","0.200233060736904"
"5","Val","10","0.00131392315360551","0.00191449758419938","0.157031543956846"
"6","Val","22","0.00134560054387595","0.00185553167339697","0.15321529573763"
"7","Test","5","0.00124180503208198","0.00175861335344734","0.190898570428218"
"8","Test","10","0.00108541092382346","0.00146908087994349","0.142148785496777"
"9","Test","22","0.00108101071700959","0.00138758387304602","0.137178519337064"
