"","Set-EGARCH-GRU","Window","MAE","RMSE","MAPE"
"1","Train","5","0.00101286689236618","0.00138933873817131","0.282369930603416"
"2","Train","10","0.00062554437201149","0.000852328162228066","0.1449665274018"
"3","Train","22","0.000438300552506941","0.000589562744135923","0.0939375749876278"
"4","Val","5","0.00129297712889062","0.00227303378770427","0.202044273020865"
"5","Val","10","0.00113173138137352","0.00197239127133665","0.140664424109675"
"6","Val","22","0.00110215141792576","0.00184184931539459","0.124542599822712"
"7","Test","5","0.00118255612534824","0.00178297915321253","0.187025290921426"
"8","Test","10","0.000979441455308453","0.00141891829332814","0.128722165700474"
"9","Test","22","0.000944643909985354","0.00128017011681969","0.119683413047518"
