"","Set-EGARCH-GRU","Window","MAE","RMSE","MAPE"
"1","Train","5","0.00108655232431695","0.00149281232415166","0.299827188206845"
"2","Train","10","0.000676230743823545","0.000922332420133408","0.154929528557687"
"3","Train","22","0.000451270848484345","0.000621930243454361","0.0889295451409227"
"4","Val","5","0.00109719548492206","0.00197633259721111","0.23352239830452"
"5","Val","10","0.000904788645943888","0.00171123652628547","0.148678214259597"
"6","Val","22","0.000819225766089972","0.0015880800847388","0.118532643683902"
"7","Test","5","0.0012610946497857","0.00191917244253308","0.195132583011037"
"8","Test","10","0.00104776347316338","0.00155247149382731","0.133400489072505"
"9","Test","22","0.00101528893996912","0.00140290311793645","0.123411272195639"
