"","Set-EGARCH-LSTM","Window","MAE","RMSE","MAPE"
"1","Train","5","0.00116228894585682","0.00158477373522202","0.313149817784998"
"2","Train","10","0.000750684345913953","0.00102979098842935","0.165010868654396"
"3","Train","22","0.000532917845299015","0.000744156952238613","0.0981497555521738"
"4","Val","5","0.00124095164772442","0.00206874084907345","0.263324986374017"
"5","Val","10","0.00108641208503052","0.00185840265294894","0.179124770773071"
"6","Val","22","0.00101220018093695","0.00177670137577194","0.14811647381581"
"7","Test","5","0.0014656160268705","0.00212516560066093","0.21543050530061"
"8","Test","10","0.00135562028637555","0.00186892550343947","0.172597135484186"
"9","Test","22","0.00139701449252064","0.00178674795326175","0.175284362981503"
