"","Set-EGARCH-LSTM","Window","MAE","RMSE","MAPE"
"1","Train","5","0.00103851382259417","0.00141758058635395","0.291134611246171"
"2","Train","10","0.00063139192522628","0.000859770778740406","0.146771116820386"
"3","Train","22","0.000434141392826353","0.000583368760189217","0.0930220035532424"
"4","Val","5","0.00129036634414966","0.00208859253785257","0.209970796861612"
"5","Val","10","0.00115189511642488","0.00180803191798685","0.152045956825812"
"6","Val","22","0.00114071051652681","0.00171572013062233","0.137693754005408"
"7","Test","5","0.00116957317622477","0.00170235108314627","0.184400032373161"
"8","Test","10","0.000995259834324832","0.0013766862685082","0.132701367721203"
"9","Test","22","0.000973720078437357","0.00126852670548135","0.125434374372286"
