"","Set-EGARCH-GRU","Window","MAE","RMSE","MAPE"
"1","Train","5","0.00124963441217317","0.00196709504536343","0.327651560448671"
"2","Train","10","0.000779464126905356","0.0012698011606717","0.172452589138553"
"3","Train","22","0.000561451641835862","0.000936823457994901","0.114778355423191"
"4","Val","5","0.000846685047412605","0.00120634551772559","0.165486070363485"
"5","Val","10","0.000585673298901174","0.000829131869418629","0.0956072064367486"
"6","Val","22","0.000467700229640341","0.000662390242872217","0.0685650346779851"
"7","Test","5","0.000903523385888265","0.0013329284442223","0.164598123452984"
"8","Test","10","0.000563996980152787","0.000858465736405964","0.0802856925854579"
"9","Test","22","0.000438996395434921","0.000666553811226765","0.0539736237674992"
