"","Set-GRU","Window","MAE","RMSE","MAPE"
"1","Train","5","0.00111230092914112","0.00151534690098757","0.310202350794721"
"2","Train","10","0.00069603897346115","0.000944707107438647","0.16097053435831"
"3","Train","22","0.000460163459118697","0.000627541727039473","0.0909425546072"
"4","Val","5","0.00116368052381255","0.00206273130912786","0.249970369807793"
"5","Val","10","0.000986785134383916","0.00182173909764448","0.164088240883135"
"6","Val","22","0.000907569103034575","0.00170630611205622","0.133574509049138"
"7","Test","5","0.00131744006781058","0.0019878590150885","0.200718346800403"
"8","Test","10","0.00113240852449075","0.00165488423662479","0.143465706412775"
"9","Test","22","0.0011202983874868","0.00152075729758307","0.136900126277705"
