"","Set-GARCH-GRU","Window","MAE","RMSE","MAPE"
"1","Train","5","0.000997323859004734","0.00138152159969442","0.266865006624828"
"2","Train","10","0.000624821610786425","0.000862478510335235","0.136421545428113"
"3","Train","22","0.000466863954556914","0.000620376130673731","0.0938051956645849"
"4","Val","5","0.00115788290759865","0.00182195664805822","0.189175751826333"
"5","Val","10","0.00100021163044701","0.00155033697516026","0.131389741685024"
"6","Val","22","0.00100519596744891","0.00154183599440575","0.118843595534055"
"7","Test","5","0.00115874639051786","0.00167399117640922","0.183416112144866"
"8","Test","10","0.000976103796873074","0.00134738219352428","0.13043194131389"
"9","Test","22","0.000953666051978934","0.00125801943975327","0.123373024365761"
