"","Set-GARCH-GRU","Window","MAE","RMSE","MAPE"
"1","Train","5","0.00109256159768286","0.00149186224525115","0.303603547950592"
"2","Train","10","0.000675808924245474","0.000921629361735891","0.155617187175581"
"3","Train","22","0.000446527051871842","0.000617727771857193","0.0875525839153011"
"4","Val","5","0.00106889265979218","0.00181308871727338","0.234823824529072"
"5","Val","10","0.000886038169818401","0.00158423531421841","0.150779113600866"
"6","Val","22","0.000811620275196613","0.00152353254580414","0.121447505557362"
"7","Test","5","0.00123518566829161","0.00184349587373534","0.192295268526569"
"8","Test","10","0.0010387562211828","0.00152091418389001","0.133302770596208"
"9","Test","22","0.00101438448749824","0.00140138590087852","0.12392028704986"
