"","Set-G-E-GRU","Window","MAE","RMSE","MAPE"
"1","Train","5","0.00107975888166943","0.00147555205394757","0.298468697084485"
"2","Train","10","0.000669030385097978","0.000922760722381176","0.152247952608208"
"3","Train","22","0.000460632171778994","0.000642520836347636","0.0885172065405126"
"4","Val","5","0.00104382271174005","0.00164447428935913","0.23442990247924"
"5","Val","10","0.000880366030920046","0.00149735255678769","0.152100391559679"
"6","Val","22","0.000837088848412481","0.00155091722210812","0.124834484135056"
"7","Test","5","0.00123249812810843","0.00178486105583247","0.192447444831621"
"8","Test","10","0.00107320272781643","0.00152893269197884","0.139492813863477"
"9","Test","22","0.00107758204604311","0.00147024944074525","0.133301788688245"
