"","Set-GARCH-LSTM","Window","MAE","RMSE","MAPE"
"1","Train","5","0.0011895824746744","0.00160644689996214","0.320367702020297"
"2","Train","10","0.000767956548776024","0.0010647960995749","0.169026469231834"
"3","Train","22","0.000562871142778453","0.000753813235529916","0.10421920100901"
"4","Val","5","0.00142674572879669","0.00225996129103716","0.300063420993826"
"5","Val","10","0.00130820536971037","0.00215537136942182","0.218830420035673"
"6","Val","22","0.00125049590501918","0.00215257325347969","0.184858810628057"
"7","Test","5","0.00168933115091766","0.0023241263104042","0.250111117894748"
"8","Test","10","0.00165453057426893","0.00217531865363439","0.220776902958886"
"9","Test","22","0.00173853281816535","0.0021500922250034","0.227535329062895"
