"","Set-G-E-LSTM","Window","MAE","RMSE","MAPE"
"1","Train","5","0.0011370188030112","0.00154733592185328","0.310661005734304"
"2","Train","10","0.000710530551184129","0.000979331053443638","0.159537483918389"
"3","Train","22","0.000478177433036787","0.000668578036267938","0.0880415973112895"
"4","Val","5","0.00118961312727173","0.00186093393055807","0.260732646815284"
"5","Val","10","0.00103848744671723","0.00168208160612137","0.178697236819942"
"6","Val","22","0.000974411062035644","0.00165261736043287","0.148439224118195"
"7","Test","5","0.00138940239466323","0.00197432470015386","0.207667150282707"
"8","Test","10","0.00128456466468679","0.00174017133625738","0.16713614624914"
"9","Test","22","0.00132126947062592","0.00167835191866093","0.168082535149066"
