"","Set-G-E-LSTM","Window","MAE","RMSE","MAPE"
"1","Train","5","0.00104239661751813","0.00141379245053229","0.291865751698112"
"2","Train","10","0.00063716292801045","0.000859144789763804","0.147763692574055"
"3","Train","22","0.000447858116733947","0.000591833229239724","0.0953032173799715"
"4","Val","5","0.00123812525709787","0.00184559756124387","0.217777518924463"
"5","Val","10","0.00109127333140228","0.00157967605932532","0.159106394881222"
"6","Val","22","0.00109261193420535","0.00153755322708836","0.144635432342447"
"7","Test","5","0.00115343365271794","0.00160743282890842","0.187201000826518"
"8","Test","10","0.000994436964643907","0.00129646283070075","0.137799180100626"
"9","Test","22","0.000986584700540514","0.00122414706308478","0.131927428693461"
