"","Set-G-E-GRU","Window","MAE","RMSE","MAPE"
"1","Train","5","0.000955471448116038","0.001326039321249","0.270350764629512"
"2","Train","10","0.000569348605157203","0.000790668072052604","0.133566774529537"
"3","Train","22","0.00038851051811065","0.000527818148543047","0.0838756550334888"
"4","Val","5","0.00129399411177137","0.0021581557282262","0.184523888264453"
"5","Val","10","0.0011191397273542","0.00180222395087424","0.130034414245199"
"6","Val","22","0.00110309080495562","0.00168976979341631","0.119646539369335"
"7","Test","5","0.0011714492511518","0.00174498555107543","0.185214192911703"
"8","Test","10","0.000933940777755892","0.00134080005751941","0.122894545617358"
"9","Test","22","0.000883600802577379","0.00119852958484463","0.110618303641689"
