"","Set-GARCH-GRU","Window","MAE","RMSE","MAPE"
"1","Train","5","0.000992833709233012","0.00134999104535827","0.2873903011431"
"2","Train","10","0.000602986281560141","0.000816198509082377","0.146072418413557"
"3","Train","22","0.000413597786364303","0.000552465010766781","0.0927704118493363"
"4","Val","5","0.00118505675301417","0.00183973140589105","0.190784000178543"
"5","Val","10","0.000963495792233196","0.00152324066542992","0.12325586692151"
"6","Val","22","0.000932872950646974","0.00152141525746084","0.102751181324428"
"7","Test","5","0.00112448790604099","0.00161806831744321","0.194377549057874"
"8","Test","10","0.000842970452141584","0.00121546744918065","0.11768779037248"
"9","Test","22","0.000762253062538823","0.00109729790194686","0.0975869752581101"
