"","Set-GRU","Window","MAE","RMSE","MAPE"
"1","Train","5","0.00101151544317165","0.00140393063189957","0.273788513117319"
"2","Train","10","0.000628325866615748","0.000868358401649715","0.139532077414767"
"3","Train","22","0.000452253799720492","0.00061125212417369","0.0923268112504693"
"4","Val","5","0.00129168314125031","0.00223201294856552","0.195743782008283"
"5","Val","10","0.00115644020049514","0.00195037691634493","0.141190299575526"
"6","Val","22","0.00114217733790938","0.00183367861010846","0.128953081784805"
"7","Test","5","0.00119966491983078","0.00177192158152622","0.18401800683484"
"8","Test","10","0.00102897008306159","0.00143744691288262","0.13476619017975"
"9","Test","22","0.00101213385071316","0.00131934531002516","0.129577559823108"
