"","Set-GRU","Window","MAE","RMSE","MAPE"
"1","Train","5","0.00126651391172287","0.00203367241856283","0.327501288579943"
"2","Train","10","0.00081136092484737","0.00137666198795119","0.174217784505149"
"3","Train","22","0.000593974405101149","0.00106788761386286","0.115869426878918"
"4","Val","5","0.000951553558991777","0.0013546772115005","0.187017904447936"
"5","Val","10","0.000687437769017339","0.000981063832727213","0.113653924214131"
"6","Val","22","0.000558660898490239","0.000792815470398019","0.0831771323321474"
"7","Test","5","0.000985708428829979","0.00145721722565633","0.180420442054976"
"8","Test","10","0.000626005182955335","0.000967603950868206","0.0896415102671844"
"9","Test","22","0.00047760626189251","0.000736371517262738","0.0595308805085594"
