"","Set-GARCH-GRU","Window","MAE","RMSE","MAPE"
"1","Train","5","0.00110550361212443","0.00145559307452215","0.319049456443144"
"2","Train","10","0.000672304554992906","0.000869707946528441","0.167138120045862"
"3","Train","22","0.000454892034403279","0.000575634957117765","0.10877887772016"
"4","Val","5","0.00106058830279541","0.00166793843342838","0.267451237898125"
"5","Val","10","0.00084796158362814","0.00132697563246898","0.173123116483639"
"6","Val","22","0.000753024557678795","0.00118234628911457","0.139172413717399"
"7","Test","5","0.00109740348876213","0.00164025023944614","0.195585586873322"
"8","Test","10","0.000779172198255417","0.00115278458261279","0.111409309125434"
"9","Test","22","0.000702319008745429","0.00101866813469088","0.0878668541777129"
