"","Set-G-E-GRU","Window","MAE","RMSE","MAPE"
"1","Train","5","0.00126117784616213","0.00207523289590726","0.3227441169997"
"2","Train","10","0.000792056096821795","0.00141620737794376","0.168498848629255"
"3","Train","22","0.000575795679534989","0.00111253992178733","0.11104085531903"
"4","Val","5","0.000875132044862278","0.00126256938279131","0.169040814742657"
"5","Val","10","0.000617238687267719","0.000897990604118969","0.0994955870591158"
"6","Val","22","0.000502061022885322","0.000729197154256136","0.0726535615599998"
"7","Test","5","0.000927868755872529","0.00139616483837777","0.166655263048516"
"8","Test","10","0.000584647073796781","0.000919064516936446","0.0821237760533531"
"9","Test","22","0.000453223067205216","0.00070748379489832","0.0554571859212938"
