"","Set-GARCH-LSTM","Window","MAE","RMSE","MAPE"
"1","Train","5","0.00140859485932985","0.00214986105194928","0.368984450466318"
"2","Train","10","0.000971377820010843","0.00150350342674364","0.209417378516981"
"3","Train","22","0.000774982011448176","0.00124457678141594","0.14853907987661"
"4","Val","5","0.0012851148783778","0.00178568240668532","0.230414958721889"
"5","Val","10","0.00106069478150167","0.00149259335261765","0.158231205616247"
"6","Val","22","0.000925582844709116","0.00131321745581562","0.123758008029166"
"7","Test","5","0.00129364638566844","0.00180579025485145","0.219977462469001"
"8","Test","10","0.00101645042161252","0.00142049516067957","0.13622200942975"
"9","Test","22","0.00093481202364183","0.00126247148767597","0.11466538331273"
