"","Set-GARCH-LSTM","Window","MAE","RMSE","MAPE"
"1","Train","5","0.00103741896726667","0.00140364852575317","0.293881519420435"
"2","Train","10","0.000632698219080599","0.000848201735792905","0.149274824187775"
"3","Train","22","0.000437788264892021","0.000573514446518187","0.095487086635266"
"4","Val","5","0.00110319381387251","0.00167050105177894","0.197844801371994"
"5","Val","10","0.000925895336747019","0.00138447269473442","0.132980164461757"
"6","Val","22","0.000921481362758127","0.00138126278200091","0.115739097639733"
"7","Test","5","0.00107300762244596","0.0015195162513016","0.181196412253719"
"8","Test","10","0.000865140281635192","0.00118320309223776","0.119317366383638"
"9","Test","22","0.000825785695111998","0.0011015155269367","0.107062027454989"
