"","Set-GARCH-LSTM","Window","MAE","RMSE","MAPE"
"1","Train","5","0.00121367692745572","0.00159847171167902","0.331841944408562"
"2","Train","10","0.000735673943090506","0.000977558894546423","0.166793561861029"
"3","Train","22","0.000497342485736785","0.000655435265004266","0.103317029434062"
"4","Val","5","0.0011751877527271","0.00180449783382457","0.274193837612718"
"5","Val","10","0.00101910787707701","0.0016003214331252","0.189477675402429"
"6","Val","22","0.000971147136352364","0.00153871563181105","0.15952890004532"
"7","Test","5","0.00126508422054575","0.00175523978467164","0.204168642346511"
"8","Test","10","0.00108949259035131","0.00147287089932246","0.145921156308536"
"9","Test","22","0.00110218772255242","0.00143552969898736","0.136729023954315"
