"","Set-LSTM","Window","MAE","RMSE","MAPE"
"1","Train","5","0.00104266995292626","0.00142647662849855","0.296498993770763"
"2","Train","10","0.00063883341453519","0.00087759089869755","0.150072954237754"
"3","Train","22","0.000450851424728247","0.000609822239910266","0.0967712049364145"
"4","Val","5","0.00144179843159182","0.00215125216904247","0.205830141574074"
"5","Val","10","0.00137012369173699","0.00191257818915384","0.167890091681742"
"6","Val","22","0.0014234472561537","0.00186768077559889","0.168101304193912"
"7","Test","5","0.00127591598329796","0.00177482038682775","0.194885390444553"
"8","Test","10","0.00113667784538995","0.00148714633859725","0.150266405269214"
"9","Test","22","0.0011395095156595","0.00141327589421621","0.146573183887435"
