"","Set-LSTM","Window","MAE","RMSE","MAPE"
"1","Train","5","0.00131156425826766","0.00202633983744951","0.340045229748153"
"2","Train","10","0.000838955939189636","0.00132430375387985","0.182305741554709"
"3","Train","22","0.000622756565846791","0.00101413928006689","0.122422994569298"
"4","Val","5","0.00103339870178071","0.00142820016491027","0.19204299990329"
"5","Val","10","0.000794178171268283","0.00111217547046799","0.122160586550539"
"6","Val","22","0.000680446054633806","0.000957573938545192","0.0932463402369186"
"7","Test","5","0.00106503214839796","0.00148448822051649","0.187522120212934"
"8","Test","10","0.000757747778588817","0.00105586786548553","0.104233480950615"
"9","Test","22","0.000658603848647704","0.000891839083240732","0.0811739404039004"
