"","Set-EGARCH-GRU","Window","MAE","RMSE","MAPE"
"1","Train","5","0.00103951896959467","0.00143150295062836","0.28547732849912"
"2","Train","10","0.00064167739823306","0.000879912471083389","0.145326015740242"
"3","Train","22","0.000447859972093201","0.00060384118132427","0.0936409329015086"
"4","Val","5","0.00124263958682939","0.00217964643125104","0.195259495575196"
"5","Val","10","0.00108384973006697","0.00189882635404773","0.134238630478834"
"6","Val","22","0.00104425209139218","0.00177472393150972","0.116426531806618"
"7","Test","5","0.00115177143761713","0.00169792394303432","0.183676305430368"
"8","Test","10","0.000947841305761066","0.00135221810752783","0.125501064687787"
"9","Test","22","0.000904861921745002","0.0012188486351729","0.114652916434328"
