"","Set-EGARCH-LSTM","Window","MAE","RMSE","MAPE"
"1","Train","5","0.00137034792965415","0.00211675957519965","0.35357318869832"
"2","Train","10","0.000903969643533833","0.00143097616695248","0.193896248167772"
"3","Train","22","0.00068802087104665","0.00113409669336762","0.132618910947934"
"4","Val","5","0.00115529028759015","0.00158851407636661","0.208950504625555"
"5","Val","10","0.000932023569320325","0.00129652325202243","0.140696463423968"
"6","Val","22","0.000815667720061249","0.00113982345067001","0.110498150894339"
"7","Test","5","0.00116064115457717","0.00159861952175207","0.20125285292808"
"8","Test","10","0.000871782131793746","0.00119381231344694","0.119290186347752"
"9","Test","22","0.000781706966649617","0.00102851411056114","0.0976583188231752"
