"","Set-GARCH-LSTM","Window","MAE","RMSE","MAPE"
"1","Train","5","0.00115481328737548","0.00157738610000283","0.313827015322246"
"2","Train","10","0.0007357024582827","0.000999208378696985","0.164694572089332"
"3","Train","22","0.000498980686877838","0.000708076863587902","0.0949500642563954"
"4","Val","5","0.00107181563505406","0.00182811874305318","0.231644920971566"
"5","Val","10","0.000878805399870979","0.00157370957244433","0.14765696413241"
"6","Val","22","0.000791638372939715","0.00147564421482614","0.117037398507771"
"7","Test","5","0.00125937048914174","0.0018516938516635","0.198273348829187"
"8","Test","10","0.00105263754096549","0.00151825337378824","0.13683196098087"
"9","Test","22","0.00100827860280129","0.00138393588693147","0.123812241431174"
