"","Set-GARCH-LSTM","Window","MAE","RMSE","MAPE"
"1","Train","5","0.00119066465806","0.00156120383274386","0.330016718253138"
"2","Train","10","0.000723644810556707","0.000953311062311082","0.167887842338203"
"3","Train","22","0.00050466722781029","0.000655264166142456","0.108461115382127"
"4","Val","5","0.00106358637772783","0.00159493535561156","0.263524154109061"
"5","Val","10","0.000874901750391247","0.00140205634409278","0.171853584166335"
"6","Val","22","0.000798064105238946","0.00137405975258118","0.137511232929173"
"7","Test","5","0.00116535301509546","0.00159945373860877","0.203001952773581"
"8","Test","10","0.000921550705548147","0.00127139461238031","0.128797938029605"
"9","Test","22","0.000894679138720717","0.00124072654589074","0.110292988882245"
