"","Set-GARCH-GRU","Window","MAE","RMSE","MAPE"
"1","Train","5","0.000977845574168523","0.00135064686643639","0.270735946660915"
"2","Train","10","0.000599091678490819","0.000817349995222559","0.137539527828229"
"3","Train","22","0.000413722900259293","0.000552320862245558","0.0879289579442466"
"4","Val","5","0.00116549306703311","0.002009826279363","0.194437158216261"
"5","Val","10","0.00094261873375535","0.00162992352172881","0.123243716138777"
"6","Val","22","0.00087280992014366","0.00149747544388893","0.100038964818155"
"7","Test","5","0.00112904890873861","0.00169087067837093","0.188435983830192"
"8","Test","10","0.000858122697940681","0.00125639292089271","0.116573539947138"
"9","Test","22","0.000782018665038067","0.00109607717091488","0.0992959368501952"
