"","Set-GARCH-LSTM","Window","MAE","RMSE","MAPE"
"1","Train","5","0.00136866121666166","0.00204592711221325","0.364198166426238"
"2","Train","10","0.000939218081452118","0.0014101696693189","0.20707777799068"
"3","Train","22","0.000758645732441824","0.0011897845229481","0.147539330162628"
"4","Val","5","0.00125630411979243","0.00175975238872292","0.224960787250193"
"5","Val","10","0.00102969586382642","0.00146969902472714","0.151983214043664"
"6","Val","22","0.000902928083559651","0.00130318075696782","0.119456980735728"
"7","Test","5","0.001302631393002","0.00182154443497358","0.219095905627502"
"8","Test","10","0.00104696929274166","0.00146029191234977","0.138069454241611"
"9","Test","22","0.000982212092691892","0.00133747427248957","0.11852088962778"
