"","Set-GRU","Window","MAE","RMSE","MAPE"
"1","Train","5","0.00100230985544561","0.00139107287288752","0.272323942715503"
"2","Train","10","0.000630202813257868","0.000869151775918075","0.140585330369162"
"3","Train","22","0.000455020139231774","0.000615551277942288","0.0934848110519305"
"4","Val","5","0.00134367079505284","0.00245912822432767","0.201406181489536"
"5","Val","10","0.0011869795735964","0.0021393063525409","0.141783106336368"
"6","Val","22","0.00115552648014395","0.0019794897308512","0.126559953747318"
"7","Test","5","0.00123055455361592","0.00186395065428653","0.190499398503794"
"8","Test","10","0.00103008517844385","0.00148944413586637","0.134251426275625"
"9","Test","22","0.000994911770081775","0.0013378523669863","0.125755394482811"
