"","Set-G-E-LSTM","Window","MAE","RMSE","MAPE"
"1","Train","5","0.00100007403488535","0.00136701299297853","0.285280878679334"
"2","Train","10","0.000600761206138473","0.000823218382898966","0.142211836170834"
"3","Train","22","0.000417046073021307","0.000560584437633391","0.0903709969306064"
"4","Val","5","0.00133200911439509","0.00199001102667306","0.19856501420477"
"5","Val","10","0.00119881839541534","0.00171340391632355","0.151000397157545"
"6","Val","22","0.0012417651908318","0.00170008794677986","0.14658682223644"
"7","Test","5","0.00120015118331237","0.0017051839069595","0.188883633941957"
"8","Test","10","0.00102204525952952","0.00138290666307978","0.135907912660363"
"9","Test","22","0.00101176803368868","0.00130319934099312","0.129612669954497"
