"","Set-G-E-GRU","Window","MAE","RMSE","MAPE"
"1","Train","5","0.00109027305895611","0.00147627413665878","0.304861094252149"
"2","Train","10","0.000683816811901463","0.000926914161976036","0.15894018883263"
"3","Train","22","0.000469024003428534","0.000650561504156502","0.0930412539612885"
"4","Val","5","0.00106416940791174","0.00173056424724359","0.240708481484367"
"5","Val","10","0.000874666587462316","0.00151984383327358","0.153276717198981"
"6","Val","22","0.000812178635206334","0.00150512631923725","0.123720643273289"
"7","Test","5","0.00124694798052819","0.00186492991126975","0.19796406513087"
"8","Test","10","0.00105153844023874","0.00155169177529134","0.136557751146663"
"9","Test","22","0.00102391561922767","0.0014439862148667","0.12530937869452"
