"","Set-G-E-GRU","Window","MAE","RMSE","MAPE"
"1","Train","5","0.000962605075550642","0.00132844916236233","0.27645537508234"
"2","Train","10","0.000577076784924985","0.000792922493159898","0.138483766311914"
"3","Train","22","0.000391038174716944","0.000526743185575273","0.0870371376135794"
"4","Val","5","0.00127821311758996","0.0021962306078117","0.185590432434526"
"5","Val","10","0.00107805217587953","0.00182116367163175","0.124947837229978"
"6","Val","22","0.00103233991219327","0.00167598827642453","0.108832028239178"
"7","Test","5","0.00115535541910217","0.00173252433232634","0.188008019871934"
"8","Test","10","0.000888558335370104","0.0012966793322967","0.118543373025131"
"9","Test","22","0.00081919981900021","0.00113699759014131","0.102554421882012"
