"","Set-GRU","Window","MAE","RMSE","MAPE"
"1","Train","5","0.00110283973406583","0.00146835698536726","0.308963014766026"
"2","Train","10","0.000673026788942861","0.000887656020456522","0.160377497184664"
"3","Train","22","0.000456793293944168","0.000590886358766652","0.103729606716575"
"4","Val","5","0.00111377940847164","0.00192741241408892","0.257412288781019"
"5","Val","10","0.000914521959762946","0.00161857873311914","0.1667505527758"
"6","Val","22","0.000806166367812774","0.00144213283229051","0.132160229053619"
"7","Test","5","0.00117543015668658","0.00176831812652874","0.198437923691468"
"8","Test","10","0.000882448485217623","0.00131432939210094","0.119466106101989"
"9","Test","22","0.000830669639602092","0.00118634560790562","0.100784609532482"
