"","Set-GARCH-GRU","Window","MAE","RMSE","MAPE"
"1","Train","5","0.000985641403840112","0.00135659302873183","0.278287297311812"
"2","Train","10","0.000596258425636426","0.000821723227199555","0.139165531320736"
"3","Train","22","0.000418177395540037","0.000563378481726748","0.0895078590259758"
"4","Val","5","0.00122700540890053","0.00191786940135945","0.182432588849078"
"5","Val","10","0.00106522591217875","0.0016197744883358","0.129007920572953"
"6","Val","22","0.00107932534266094","0.00159791715547362","0.119558640899205"
"7","Test","5","0.00115407480255231","0.00167600874751367","0.184837578120773"
"8","Test","10","0.000946345219977164","0.00132692038952849","0.125658053522502"
"9","Test","22","0.000911246721695356","0.00122984793849819","0.115173334661671"
