"","Set-G-E-GRU","Window","MAE","RMSE","MAPE"
"1","Train","5","0.00123870018485883","0.00192658819896749","0.323002279481699"
"2","Train","10","0.000760660987186254","0.00120329828369464","0.167373867719138"
"3","Train","22","0.000532793263945108","0.000856103506531721","0.108502016166407"
"4","Val","5","0.000853578460637873","0.00120647955353104","0.165805016582253"
"5","Val","10","0.00059254116057067","0.000837745348695209","0.0958540111015127"
"6","Val","22","0.000476224673990333","0.000676113879673415","0.0689191542630604"
"7","Test","5","0.000915369797060633","0.00133479954960161","0.165026883610437"
"8","Test","10","0.00058216384844618","0.000874626732316722","0.0816638650125284"
"9","Test","22","0.00046400186709856","0.000697210031808308","0.0564463571454518"
