"","Set-LSTM","Window","MAE","RMSE","MAPE"
"1","Train","5","0.0010614523022506","0.00144866399984453","0.300821390991544"
"2","Train","10","0.000656269024493773","0.000901443835406126","0.153305621442063"
"3","Train","22","0.000472242124601212","0.000636269505105623","0.100739073362573"
"4","Val","5","0.00150614927601171","0.00216677158397342","0.218090218660525"
"5","Val","10","0.0014551285638237","0.00196460695861252","0.183015214441889"
"6","Val","22","0.00152044266377099","0.00194092811569305","0.183749323309555"
"7","Test","5","0.00132889423525044","0.0018165989104571","0.202002488435204"
"8","Test","10","0.00121202235618425","0.00156613967473377","0.161053530678354"
"9","Test","22","0.00122591294492543","0.00150979114640376","0.158763541287918"
