"","Set-EGARCH-GRU","Window","MAE","RMSE","MAPE"
"1","Train","5","0.00126822411574684","0.00200188535627183","0.333508358401516"
"2","Train","10","0.000807890664822709","0.00132739650565069","0.178476094274785"
"3","Train","22","0.000589850457679332","0.00101195911082884","0.119856093895372"
"4","Val","5","0.000906953164771654","0.00128320434129957","0.180708011317873"
"5","Val","10","0.000645255365019215","0.000910862843996757","0.10823313068295"
"6","Val","22","0.000523962180474137","0.000732673070291973","0.0794081409561724"
"7","Test","5","0.000942834135714701","0.00137925033446882","0.175118100240974"
"8","Test","10","0.000587586804099605","0.000894020119344953","0.0855777918385492"
"9","Test","22","0.000443862073604382","0.000681184164707653","0.0558813733940337"
