"","Set-EGARCH-LSTM","Window","MAE","RMSE","MAPE"
"1","Train","5","0.000991260901047352","0.00137011600027854","0.276994220733427"
"2","Train","10","0.000596635349928131","0.000831042019749589","0.137283883680657"
"3","Train","22","0.000420884235017547","0.000576034226605178","0.0884468425768529"
"4","Val","5","0.00143335733369023","0.00218666104270236","0.200280115109499"
"5","Val","10","0.00134765226567129","0.00192992711464438","0.162040295007942"
"6","Val","22","0.00139339854356596","0.00186700982553486","0.161972201956109"
"7","Test","5","0.00127054752820589","0.00181114193810028","0.191285654946983"
"8","Test","10","0.00112483680323807","0.00149989508121868","0.147375968552638"
"9","Test","22","0.00112959178357804","0.00141657728047048","0.14488448963591"
