"","Set-EGARCH-LSTM","Window","MAE","RMSE","MAPE"
"1","Train","5","0.00134766234664355","0.00208630655688675","0.347617813606124"
"2","Train","10","0.000868718991679524","0.00136860384378678","0.188081707188965"
"3","Train","22","0.000651291058822215","0.00105520514287305","0.127457792359612"
"4","Val","5","0.00108950267680338","0.00149679530095162","0.197067236709236"
"5","Val","10","0.000864736374381963","0.0012011476200386","0.130370482520597"
"6","Val","22","0.000754254674892977","0.00105115649071065","0.101995780748268"
"7","Test","5","0.00110281854373831","0.00152575544956567","0.19109859008616"
"8","Test","10","0.000814051647857798","0.0011163318185661","0.111585276088949"
"9","Test","22","0.000729478211415847","0.000959652096405529","0.0911217853334521"
