"","Set-EGARCH-LSTM","Window","MAE","RMSE","MAPE"
"1","Train","5","0.00105102173915635","0.00143680989225363","0.290366900366351"
"2","Train","10","0.000638031281455983","0.000872478103797027","0.145712983756502"
"3","Train","22","0.000443928715378618","0.000595378026772703","0.0932626771381548"
"4","Val","5","0.00119074304645443","0.00188715350265094","0.194514564645458"
"5","Val","10","0.00105211738959938","0.00164208601230438","0.137297434416066"
"6","Val","22","0.00103907914085685","0.00156767230316516","0.123163427202018"
"7","Test","5","0.00112964989096227","0.00162599058640132","0.179371939044713"
"8","Test","10","0.000957397641815028","0.00131403833253588","0.127181619105066"
"9","Test","22","0.000941094068356108","0.00122472790742182","0.120709792615054"
