"","Set-GRU","Window","MAE","RMSE","MAPE"
"1","Train","5","0.000985292071200543","0.00137280718442414","0.267878250889646"
"2","Train","10","0.000606272487974855","0.000838549711886184","0.135705441086686"
"3","Train","22","0.000429524596988167","0.0005809111043935","0.0885012361376732"
"4","Val","5","0.00126861170887785","0.00222918788405241","0.193543494950728"
"5","Val","10","0.00111352167677986","0.00191262286691603","0.1361363720499"
"6","Val","22","0.00108866573019803","0.00177905209595392","0.122387072194739"
"7","Test","5","0.00117895789352733","0.00176320720154767","0.182724345948816"
"8","Test","10","0.000982670304732981","0.00139132767109294","0.128999245257447"
"9","Test","22","0.000955711948250157","0.00125905891635924","0.122035003749014"
