"","Set-GRU","Window","MAE","RMSE","MAPE"
"1","Train","5","0.000992675823155928","0.00136526067028019","0.284523503333077"
"2","Train","10","0.000611732973297284","0.00084082855620071","0.145675599225923"
"3","Train","22","0.000428972388498716","0.000581340365744551","0.0942565495221872"
"4","Val","5","0.00141211759602499","0.00240775056666027","0.196772954387729"
"5","Val","10","0.00125944359635647","0.00209943657374413","0.141658261028471"
"6","Val","22","0.00124227226327907","0.00196977846034225","0.129996513208916"
"7","Test","5","0.00123860478788872","0.0018317704830826","0.195446089411575"
"8","Test","10","0.00101781066168809","0.00145260336243086","0.133230914168659"
"9","Test","22","0.000973629534037093","0.00130853425789456","0.121713719659363"
