"","Set-G-E-LSTM","Window","MAE","RMSE","MAPE"
"1","Train","5","0.00109446978633068","0.00148749629310467","0.306209862421254"
"2","Train","10","0.000666192249732564","0.000913552408069764","0.154334971957324"
"3","Train","22","0.000435246208272448","0.000593922880034295","0.0848368009705321"
"4","Val","5","0.00110162300340374","0.00169589158334528","0.250462426515393"
"5","Val","10","0.000935585426983229","0.00148893771213236","0.165997030684901"
"6","Val","22","0.000872565485739922","0.00146374961452964","0.135870835156443"
"7","Test","5","0.0012678479181172","0.00181534895044346","0.196953959115227"
"8","Test","10","0.00111521571027569","0.00153890330932461","0.145495032029955"
"9","Test","22","0.00113188359230887","0.00147187373781477","0.142531717195623"
