"","Set-G-E-GRU","Window","MAE","RMSE","MAPE"
"1","Train","5","0.00111321676070052","0.00151445991200904","0.309796068602745"
"2","Train","10","0.000681243485032662","0.000926671095508127","0.158152920193175"
"3","Train","22","0.000449390311724356","0.000618555795344101","0.0897156185196413"
"4","Val","5","0.00104934315299559","0.00180629681297225","0.229117671591189"
"5","Val","10","0.000864217092786982","0.00155670369817781","0.146442899266264"
"6","Val","22","0.000785450275955035","0.00147264860269177","0.117294128634891"
"7","Test","5","0.00120058646841254","0.00181929835539765","0.189150625088603"
"8","Test","10","0.000995639165504567","0.00148461281555106","0.128062190649898"
"9","Test","22","0.000962800713670769","0.00135135491151579","0.117367298837065"
