"","Set-GARCH-GRU","Window","MAE","RMSE","MAPE"
"1","Train","5","0.000949505950574606","0.00131975227507589","0.268286321602805"
"2","Train","10","0.00056024914805826","0.000779744618466672","0.131405810658101"
"3","Train","22","0.000380415827161237","0.000516599121919915","0.0821172760673352"
"4","Val","5","0.00126744647936086","0.00204624241859173","0.182028686201126"
"5","Val","10","0.00110495556865334","0.00170586363437779","0.130439605441899"
"6","Val","22","0.00110123194513757","0.0016125452629588","0.12230076987242"
"7","Test","5","0.00115561008556508","0.00170136217567174","0.181611677060592"
"8","Test","10","0.000933580387562783","0.00131272388681625","0.122794445067624"
"9","Test","22","0.000898176952618314","0.00118816234593062","0.113317996598124"
