"","Set-GARCH-LSTM","Window","MAE","RMSE","MAPE"
"1","Train","5","0.00104802089197964","0.0014168525093645","0.29636654880625"
"2","Train","10","0.00063830229091845","0.000858950673911485","0.149759234244712"
"3","Train","22","0.000445025826391384","0.000586188034240997","0.0959553499912032"
"4","Val","5","0.00113146638394336","0.00168118415999383","0.203539432317534"
"5","Val","10","0.000984950198746931","0.001463673512835","0.142794634174976"
"6","Val","22","0.000989669108923526","0.00147812676473081","0.128643800586218"
"7","Test","5","0.00109509360120749","0.00150972250885147","0.181419657098302"
"8","Test","10","0.000928587236622408","0.00121801957225445","0.128302735145695"
"9","Test","22","0.000921920032900546","0.00117436714717176","0.121404365217401"
