"","Set-G-E-LSTM","Window","MAE","RMSE","MAPE"
"1","Train","5","0.001079920681106","0.00146168642729164","0.300221063785225"
"2","Train","10","0.000666008978978737","0.000903060331689114","0.152652923564177"
"3","Train","22","0.000472948859790261","0.00062932355938691","0.099175095138688"
"4","Val","5","0.00124119151625907","0.00183835817841221","0.213643744673784"
"5","Val","10","0.00112532963255793","0.00162878154076034","0.157872661217404"
"6","Val","22","0.00114134131497341","0.00161910769797037","0.144528251850307"
"7","Test","5","0.00118951145112448","0.00165601822034504","0.188844550487026"
"8","Test","10","0.00104895447630144","0.00139739347110783","0.141593235363498"
"9","Test","22","0.00104937702496279","0.00133840646328951","0.137044808816338"
