"","Set-G-E-LSTM","Window","MAE","RMSE","MAPE"
"1","Train","5","0.0014521708007956","0.00217517962171075","0.387226833994675"
"2","Train","10","0.00100988859059792","0.00152622164807223","0.223813139871814"
"3","Train","22","0.000815999763038342","0.00126145256122164","0.16148518449269"
"4","Val","5","0.00133025021964247","0.00183475288446601","0.235869503135385"
"5","Val","10","0.00111305068672321","0.00155883254077634","0.16428275530812"
"6","Val","22","0.000988211554534068","0.00139564262578148","0.13136119205333"
"7","Test","5","0.00133592635833221","0.00182800494159194","0.226731662480816"
"8","Test","10","0.00107346618384442","0.00146451932826447","0.143810346161179"
"9","Test","22","0.00100653076389556","0.00132547246836814","0.124011928034055"
