"","Set-LSTM","Window","MAE","RMSE","MAPE"
"1","Train","5","0.00122159730124278","0.00164739947921809","0.334601835851738"
"2","Train","10","0.000791161944656553","0.00108608742395774","0.177468051792699"
"3","Train","22","0.000547632929532535","0.000753595683254096","0.101216657781544"
"4","Val","5","0.0014477732462835","0.0023639962477902","0.304114546568758"
"5","Val","10","0.00130805957843921","0.00219364242533295","0.217492381630268"
"6","Val","22","0.00123725978857706","0.00212088935918135","0.183782428217489"
"7","Test","5","0.00163690491186745","0.00233817292717466","0.239816216435995"
"8","Test","10","0.00156153424687096","0.00212598202212898","0.202160697872552"
"9","Test","22","0.00161445963508162","0.00205095744801711","0.205284537654408"
