"","Set-EGARCH-LSTM","Window","MAE","RMSE","MAPE"
"1","Train","5","0.00129867619340156","0.00202183271125073","0.337334871350494"
"2","Train","10","0.000826737689678998","0.00131655519206502","0.180151284802043"
"3","Train","22","0.000609923110040303","0.000999868620231608","0.121028159389356"
"4","Val","5","0.00100008229275926","0.00138986856498314","0.186152650435592"
"5","Val","10","0.000757970637498671","0.00106329354656811","0.117196717288452"
"6","Val","22","0.000644180264860874","0.000902647366839844","0.0888022823359343"
"7","Test","5","0.00102935120894857","0.00146080503944146","0.18245552359819"
"8","Test","10","0.00071230240132865","0.00101703604728052","0.099037125464107"
"9","Test","22","0.000602098459374081","0.000836697498627929","0.0747337254179267"
