"","Set-EGARCH-LSTM","Window","MAE","RMSE","MAPE"
"1","Train","5","0.00121567872788508","0.00161009943933379","0.329634895033276"
"2","Train","10","0.00074291577761253","0.000993418258129915","0.166807509407421"
"3","Train","22","0.000506270673448039","0.000679077931500343","0.10425709263169"
"4","Val","5","0.00120934952050767","0.00195153533533605","0.266331808115725"
"5","Val","10","0.00105826399806427","0.00172418941574712","0.184323007305379"
"6","Val","22","0.000983647212505035","0.00159857964307085","0.15473659468638"
"7","Test","5","0.00130754126405105","0.00188136922376897","0.204038343403175"
"8","Test","10","0.00113391243643709","0.00158168326204784","0.147287450001859"
"9","Test","22","0.00115298173729933","0.00152272300975025","0.139942959713013"
