"","Set-EGARCH-GRU","Window","MAE","RMSE","MAPE"
"1","Train","5","0.000988100396516407","0.00135846693737961","0.283207791473911"
"2","Train","10","0.000592543505365078","0.000815495762034568","0.141940885181107"
"3","Train","22","0.000402712360953722","0.000546111301816014","0.089383076401504"
"4","Val","5","0.00134071197341402","0.00232134337447375","0.189275319516235"
"5","Val","10","0.00115823371654334","0.00198492270786404","0.130831447658601"
"6","Val","22","0.00112412381895816","0.00184279922144297","0.116568665945854"
"7","Test","5","0.00116835956430152","0.00175901392460856","0.187747882919729"
"8","Test","10","0.000924703031275326","0.00135547838726616","0.12180402662824"
"9","Test","22","0.000866789125579859","0.00119534932002231","0.108105839292733"
