"","Set-EGARCH-GRU","Window","MAE","RMSE","MAPE"
"1","Train","5","0.00110233560485567","0.00151802884673138","0.303121143430666"
"2","Train","10","0.000679109292271899","0.000935202620168385","0.154377449304769"
"3","Train","22","0.000446105575898441","0.000614341360846022","0.0862377943769911"
"4","Val","5","0.00110793335436153","0.00194873214464604","0.235019163560096"
"5","Val","10","0.00093742990834132","0.00171130426562135","0.153916452112476"
"6","Val","22","0.000860243402495614","0.00160420123268978","0.124979348172461"
"7","Test","5","0.00127291946450986","0.0019016782632874","0.19217608923624"
"8","Test","10","0.00109840467408737","0.00157884097980481","0.139298762706869"
"9","Test","22","0.0010933584320425","0.00145772583611401","0.134550376844558"
