"","Set-EGARCH-LSTM","Window","MAE","RMSE","MAPE"
"1","Train","5","0.00106672359557974","0.00144954338792695","0.297654150311071"
"2","Train","10","0.000654029840469865","0.00088899931303961","0.150778307590196"
"3","Train","22","0.000457809901976227","0.000614563248131852","0.0968608512774593"
"4","Val","5","0.00128194589253991","0.00197530806730994","0.212289024643305"
"5","Val","10","0.00115910195792015","0.0017390655121219","0.156235543494604"
"6","Val","22","0.0011617215015657","0.0016791072732958","0.143238512599642"
"7","Test","5","0.00119446225958327","0.00169652316374906","0.187267989234764"
"8","Test","10","0.00104932052743607","0.00141191338092767","0.140382108575183"
"9","Test","22","0.00104523662188972","0.00133240231381634","0.135850472875008"
