"","Set-G-E-GRU","Window","MAE","RMSE","MAPE"
"1","Train","5","0.00121573280558368","0.00194363530500572","0.31232542433404"
"2","Train","10","0.000737245485277884","0.00124491550340756","0.158904685119149"
"3","Train","22","0.000509220072641593","0.000901222952416451","0.101421537415065"
"4","Val","5","0.000780204501859879","0.00112507207786756","0.152201663157301"
"5","Val","10","0.000514574793670338","0.000733940831246218","0.0848322819926367"
"6","Val","22","0.000398249835930991","0.000571848275463287","0.0594231263977988"
"7","Test","5","0.000843668651239512","0.00125793939033143","0.152879594967179"
"8","Test","10","0.00050339826278527","0.000774772261488809","0.072021130850623"
"9","Test","22","0.000378360893620817","0.000582526729690106","0.0467881647729751"
