"","Set-G-E-LSTM","Window","MAE","RMSE","MAPE"
"1","Train","5","0.00114034921455804","0.00154182964812953","0.310209613954843"
"2","Train","10","0.000737752198412034","0.00101907945407189","0.163580847681559"
"3","Train","22","0.00054095192911037","0.000756563962647478","0.0993052753721081"
"4","Val","5","0.00121415354865816","0.00181535063346862","0.272954297445385"
"5","Val","10","0.00107652839095015","0.00170968122966178","0.186675863873401"
"6","Val","22","0.00103474879287116","0.00176654905682375","0.157063459596641"
"7","Test","5","0.0014603900851805","0.00204238791792898","0.220496278757288"
"8","Test","10","0.00139069878626525","0.00187129433133945","0.182298759748834"
"9","Test","22","0.00144917684755491","0.00185776523943991","0.184701135284828"
