"","Set-G-E-GRU","Window","MAE","RMSE","MAPE"
"1","Train","5","0.000946799362594614","0.00131134777236308","0.268213844712153"
"2","Train","10","0.000560619061194139","0.00077515027587956","0.132203287487322"
"3","Train","22","0.000380822689153474","0.000514130670655497","0.0828343122137676"
"4","Val","5","0.0011723738468582","0.00187689492931264","0.179276432453952"
"5","Val","10","0.000948912986435067","0.00150115480854325","0.115987298294748"
"6","Val","22","0.000911041629108338","0.00142519427834666","0.098955702238359"
"7","Test","5","0.00110843566808549","0.00163607732295661","0.183546149433454"
"8","Test","10","0.000838362183511315","0.00120825635773167","0.113362330932733"
"9","Test","22","0.000769852904864177","0.00107053141776413","0.0971596157209592"
