"","Set-G-E-GRU","Window","MAE","RMSE","MAPE"
"1","Train","5","0.0010540278618176","0.00144500102350255","0.287598417910065"
"2","Train","10","0.000665048331070887","0.000914870866970673","0.150111329431576"
"3","Train","22","0.00048390546925364","0.000678295856740368","0.0936206896793294"
"4","Val","5","0.000997169160148285","0.00161891280874948","0.220972214686553"
"5","Val","10","0.000807900572390495","0.00144144022303967","0.137535192951244"
"6","Val","22","0.000754420639005174","0.00149058968502914","0.109889594998709"
"7","Test","5","0.00120872845900902","0.00180199993487857","0.194464184118497"
"8","Test","10","0.000995023909475807","0.00148917189565091","0.130684628527696"
"9","Test","22","0.000960839699100503","0.00139200144854181","0.117789628925461"
