"","Set-GARCH-LSTM","Window","MAE","RMSE","MAPE"
"1","Train","5","0.00140108357880019","0.00211892768622699","0.370854366848722"
"2","Train","10","0.00097056199086068","0.00148458398987424","0.211629526461334"
"3","Train","22","0.000778123380543517","0.00124386166427335","0.150688742925587"
"4","Val","5","0.00130178708643588","0.00182125646614672","0.230773051875228"
"5","Val","10","0.00108308987617908","0.00153257086255721","0.159898124518548"
"6","Val","22","0.00095553223839445","0.00135851700418013","0.127130134691439"
"7","Test","5","0.00131233862190515","0.00183874101327473","0.222150058145095"
"8","Test","10","0.00104154540534994","0.00145627382241714","0.139184486131757"
"9","Test","22","0.000965700271330704","0.00130210250067342","0.11838382414179"
