"","Set-GRU","Window","MAE","RMSE","MAPE"
"1","Train","5","0.000995463709798572","0.00138555949751195","0.269891155059966"
"2","Train","10","0.000609106417311767","0.000846649637388875","0.13548859283135"
"3","Train","22","0.000433801124001621","0.000589993205891108","0.0884868495767721"
"4","Val","5","0.00128393896978278","0.00216445580849193","0.197455277055391"
"5","Val","10","0.00115376591113502","0.00188042792612688","0.144576904231701"
"6","Val","22","0.00114901160258707","0.00177221850343085","0.133845487414507"
"7","Test","5","0.00119682482736219","0.00174734808766477","0.182799119203052"
"8","Test","10","0.00103868435241579","0.00141787629639654","0.137654804785145"
"9","Test","22","0.00103262064356114","0.00131282948790044","0.134360457457168"
