"","Set-GARCH-LSTM","Window","MAE","RMSE","MAPE"
"1","Train","5","0.0011470873772398","0.00151267896036344","0.320683676534447"
"2","Train","10","0.000684549265293806","0.000900961844246798","0.161281870078402"
"3","Train","22","0.000453401149504725","0.000585839026586387","0.100686418948256"
"4","Val","5","0.00108286333831494","0.00178347746266314","0.256589941620958"
"5","Val","10","0.000898132687093539","0.00158088805119004","0.169051749123094"
"6","Val","22","0.000823120055051992","0.00150541759447554","0.137808428423159"
"7","Test","5","0.00111148359612247","0.00157405426461057","0.192310259339806"
"8","Test","10","0.000878066888956987","0.0012279439966078","0.122338460591778"
"9","Test","22","0.000861617595509091","0.00118028750865866","0.107498645147844"
