"","Set-GARCH-LSTM","Window","MAE","RMSE","MAPE"
"1","Train","5","0.00105459795985736","0.00142983566314336","0.296200364046573"
"2","Train","10","0.00064335990050638","0.000869430926733097","0.149767148515978"
"3","Train","22","0.000447267713825223","0.000593263485345707","0.0956963457390134"
"4","Val","5","0.00118495244436292","0.00174787054013762","0.208622800056121"
"5","Val","10","0.00104332895360075","0.00150312397129876","0.149343005129883"
"6","Val","22","0.00104602053495173","0.00147681820072019","0.134185140960146"
"7","Test","5","0.00113209561544307","0.00157655241858486","0.184057057929453"
"8","Test","10","0.000965281544210796","0.00128503294380232","0.131701796234849"
"9","Test","22","0.000948082428343081","0.00121490376745149","0.123761468057105"
