"","Set-G-E-LSTM","Window","MAE","RMSE","MAPE"
"1","Train","5","0.000980336990801338","0.00134259691737256","0.279521059515607"
"2","Train","10","0.000595666882425029","0.000814634169372475","0.140577675299392"
"3","Train","22","0.000419920550331738","0.000561298737965725","0.0907850677878577"
"4","Val","5","0.00119629309257302","0.00181944946628169","0.184603289009925"
"5","Val","10","0.00102980731225628","0.00152777401264095","0.128305646931289"
"6","Val","22","0.00104915157503011","0.00153941580577737","0.11855555901379"
"7","Test","5","0.00115404966044542","0.00164997671182527","0.187588825724059"
"8","Test","10","0.000946007480374996","0.00129617553358968","0.127023331420806"
"9","Test","22","0.00091982366732291","0.00121858192732433","0.117172967573526"
