"","Set-GARCH-GRU","Window","MAE","RMSE","MAPE"
"1","Train","5","0.00105970130546341","0.00144002241523067","0.297184058391222"
"2","Train","10","0.000667672386221974","0.000909400751097967","0.155387515222168"
"3","Train","22","0.000472678177137606","0.000655759275140872","0.093494003149349"
"4","Val","5","0.000996653609915044","0.00157922464356784","0.233750721105648"
"5","Val","10","0.000821174719436898","0.00144509295164219","0.146599484499852"
"6","Val","22","0.000781571296183414","0.00153973104424524","0.118943420574522"
"7","Test","5","0.00118521080959687","0.00172638151837779","0.194367282144803"
"8","Test","10","0.000984939312704695","0.00145124115883957","0.131251769434128"
"9","Test","22","0.000967515598836359","0.00139572550470868","0.118750648397232"
