"","Set-GARCH-LSTM","Window","MAE","RMSE","MAPE"
"1","Train","5","0.0009996173983444","0.00136988230682507","0.283950255994387"
"2","Train","10","0.000603634780561828","0.000828170817831835","0.14200545706206"
"3","Train","22","0.000421858183341356","0.000566944196972472","0.0909368931134611"
"4","Val","5","0.00125804561437062","0.00186285593494821","0.18854487734811"
"5","Val","10","0.00113825190290988","0.00160905478597714","0.142039836728287"
"6","Val","22","0.00117948325718062","0.00160207872351938","0.137681123164901"
"7","Test","5","0.00117973008712507","0.00166081469803091","0.18574388782866"
"8","Test","10","0.00101231147317783","0.00135413509038095","0.134693823536387"
"9","Test","22","0.0010054110296625","0.00128852519879497","0.128779147044934"
