"","Set-G-E-GRU","Window","MAE","RMSE","MAPE"
"1","Train","5","0.00109263170935259","0.00145040757183757","0.305361730001264"
"2","Train","10","0.000651946840592866","0.00086025712734376","0.155606966824935"
"3","Train","22","0.00043871224910576","0.000565006716542414","0.0994850058795095"
"4","Val","5","0.00104159377398384","0.00168909825397208","0.249103082737348"
"5","Val","10","0.00082189507484795","0.0013568208269615","0.157020054872156"
"6","Val","22","0.00072068308958852","0.00122689165224642","0.122909979231503"
"7","Test","5","0.00113345728105865","0.00169837541578405","0.196473394395314"
"8","Test","10","0.000825624873513321","0.00123597669259021","0.114283370946459"
"9","Test","22","0.000766718196129948","0.00110706237771629","0.0944035038065295"
