"","Set-G-E-LSTM","Window","MAE","RMSE","MAPE"
"1","Train","5","0.00119846234541546","0.00158083246283754","0.326664914117533"
"2","Train","10","0.000729654928152323","0.000972985480413931","0.164687171417462"
"3","Train","22","0.0005053360205347","0.000667610217332027","0.104447608038653"
"4","Val","5","0.00110394332616239","0.00163267137672516","0.26414014089219"
"5","Val","10","0.000937645985784838","0.00142170436996677","0.177519498905524"
"6","Val","22","0.000886644272177901","0.00140222050065441","0.146958206614953"
"7","Test","5","0.00124411697493236","0.00174272643652215","0.202304336030926"
"8","Test","10","0.00105861226390602","0.0014536327332493","0.141527075590535"
"9","Test","22","0.00106419735928082","0.00142145778214123","0.130571231708628"
