"","Set-GARCH-GRU","Window","MAE","RMSE","MAPE"
"1","Train","5","0.000965864603964814","0.00134153768730817","0.270369091399204"
"2","Train","10","0.000580009561729279","0.000807276764354442","0.134268050182219"
"3","Train","22","0.000400735610635283","0.000545455406549604","0.0853592819348646"
"4","Val","5","0.00128704749029069","0.00220623528216937","0.182541921625027"
"5","Val","10","0.00109960214399532","0.00184764564954925","0.124910511689977"
"6","Val","22","0.00105896557764126","0.0017104676071602","0.109997232820168"
"7","Test","5","0.00116506364570102","0.00174666721785167","0.185826098392113"
"8","Test","10","0.000915951454323187","0.00132989919804839","0.120590782745914"
"9","Test","22","0.000856759998764019","0.00117325485668576","0.106912959176684"
