"","Set-GRU","Window","MAE","RMSE","MAPE"
"1","Train","5","0.00116439129719141","0.00158178575080637","0.322614856376106"
"2","Train","10","0.00074149933321731","0.0010004126789817","0.170224804802621"
"3","Train","22","0.000495366376853812","0.000688172586774764","0.0975961595554418"
"4","Val","5","0.00114138392094644","0.0021028584823216","0.243714411527914"
"5","Val","10","0.000950865363649648","0.00185636310613815","0.15700071693344"
"6","Val","22","0.000864804373983934","0.00172326930725276","0.126001276543507"
"7","Test","5","0.00129641344972794","0.00197398702892617","0.202220867496506"
"8","Test","10","0.00108843247754956","0.00163157697769455","0.139178953649307"
"9","Test","22","0.00103903464935923","0.00147014626138346","0.125296221547251"
