"","Set-EGARCH-LSTM","Window","MAE","RMSE","MAPE"
"1","Train","5","0.00133799896292067","0.00206191441258896","0.351698611378866"
"2","Train","10","0.000894175857922621","0.00141747632871332","0.194514168627119"
"3","Train","22","0.000687985257190528","0.00113705589516652","0.13437713741163"
"4","Val","5","0.00109203822066615","0.00153150556355534","0.198891534300323"
"5","Val","10","0.000861495899219233","0.00122477895157803","0.128957251911708"
"6","Val","22","0.000745408948821417","0.00107357667614695","0.0997246769391332"
"7","Test","5","0.0011277513616794","0.00156085153315358","0.195265032379182"
"8","Test","10","0.000839963876045699","0.00116952381261622","0.113395668631729"
"9","Test","22","0.000757512429553195","0.00102387300277665","0.0922301259282853"
