"","Set-EGARCH-LSTM","Window","MAE","RMSE","MAPE"
"1","Train","5","0.00118019831553991","0.00157261974982325","0.320316898421035"
"2","Train","10","0.000717979220083451","0.000962501743916139","0.161249819081451"
"3","Train","22","0.000484304924029526","0.000646545594018234","0.100428382686855"
"4","Val","5","0.00115755499308082","0.00184758922283972","0.256825820961009"
"5","Val","10","0.00100484900607806","0.00161522673274548","0.175447456082534"
"6","Val","22","0.000932472995860911","0.00150308042364216","0.146442542838726"
"7","Test","5","0.00125872211498461","0.0018000214220939","0.197270440955546"
"8","Test","10","0.00107857406727313","0.00149150809735784","0.140232404565767"
"9","Test","22","0.00109548865389012","0.00143654065046669","0.133124055794629"
