"","Set-EGARCH-GRU","Window","MAE","RMSE","MAPE"
"1","Train","5","0.00100745190018567","0.0013840577402151","0.287745885218438"
"2","Train","10","0.000601658543299629","0.000828312513755998","0.143380731723389"
"3","Train","22","0.000406201679460117","0.000549787419376464","0.0896306508849612"
"4","Val","5","0.00131601963592366","0.00229693681214747","0.184936995824027"
"5","Val","10","0.00114496338306549","0.00195824643686165","0.128921717395816"
"6","Val","22","0.00110842538853529","0.0018057746611018","0.114735264357568"
"7","Test","5","0.00114608234473026","0.00171731219774815","0.184223391396779"
"8","Test","10","0.000910437803667905","0.00132341989901682","0.12013607122779"
"9","Test","22","0.000852498555537877","0.00116700260792138","0.106356464637131"
