"","Set-EGARCH-GRU","Window","MAE","RMSE","MAPE"
"1","Train","5","0.00127674167253367","0.00198153072421616","0.342145243729324"
"2","Train","10","0.000824975227340913","0.00130696081758302","0.187255615331942"
"3","Train","22","0.000618662369166029","0.000991089929780973","0.130309845897467"
"4","Val","5","0.000846590163840293","0.00121232699613148","0.16694278318814"
"5","Val","10","0.000588357954180068","0.000835959184769268","0.0969960644668288"
"6","Val","22","0.000472651738083116","0.000668398304921742","0.0704228371784507"
"7","Test","5","0.000901937863449029","0.00132366889310767","0.166604032845512"
"8","Test","10","0.000564392292038505","0.000856970316158033","0.0818312967955113"
"9","Test","22","0.000439209067559658","0.00066529183729644","0.0549908906910946"
