"","Set-EGARCH-GRU","Window","MAE","RMSE","MAPE"
"1","Train","5","0.00102250187651897","0.00141163372194207","0.278548062325397"
"2","Train","10","0.000637684743845103","0.000876729960939045","0.142643018493744"
"3","Train","22","0.000458061359902067","0.000617790289214634","0.094217112543773"
"4","Val","5","0.00127478580786579","0.00216525618163652","0.198449956425818"
"5","Val","10","0.00112420118853699","0.00188961999988406","0.139435176397601"
"6","Val","22","0.00110162249750775","0.00178087199169269","0.124724842067348"
"7","Test","5","0.00119379081205627","0.00175616998789994","0.186776554385336"
"8","Test","10","0.0010103658245935","0.00141651829174595","0.132891753379257"
"9","Test","22","0.000984815080098505","0.00129620916900027","0.125524630788974"
