"","Set-EGARCH-GRU","Window","MAE","RMSE","MAPE"
"1","Train","5","0.00114493823820854","0.00152458491017735","0.315768612432898"
"2","Train","10","0.000684058651817744","0.000910865648613837","0.159486581883386"
"3","Train","22","0.00045357238359794","0.000593490584503647","0.0998762267724395"
"4","Val","5","0.00111039982533987","0.00197449423362662","0.247506183303485"
"5","Val","10","0.000930271140699028","0.00169059452790272","0.163024783937444"
"6","Val","22","0.00083918707511328","0.00151531028368987","0.132616693993775"
"7","Test","5","0.00115557134071841","0.00174915429402239","0.187962668090225"
"8","Test","10","0.000911213325744572","0.00135781860441109","0.119599975052983"
"9","Test","22","0.000887634684718646","0.00124795429735766","0.106365351588857"
