"","Set-G-E-LSTM","Window","MAE","RMSE","MAPE"
"1","Train","5","0.00114091486460716","0.00154589815685167","0.314121380896"
"2","Train","10","0.000707057703677998","0.00097666432797499","0.159390820346928"
"3","Train","22","0.000476058676811859","0.000642055163598165","0.0901030062624287"
"4","Val","5","0.00123887300004016","0.00198265616463553","0.264993918650339"
"5","Val","10","0.0010922063435375","0.00182480935900044","0.183178524471126"
"6","Val","22","0.00102745882053021","0.00180468909988902","0.151780307501588"
"7","Test","5","0.00143884112888134","0.00205290017182723","0.216627593040743"
"8","Test","10","0.00132401556761236","0.00182535329070507","0.171520269791661"
"9","Test","22","0.0013622193960607","0.00176228074079763","0.172118593865219"
