"","Set-GRU","Window","MAE","RMSE","MAPE"
"1","Train","5","0.00114660347929008","0.00152743803927989","0.316068607216707"
"2","Train","10","0.000689859654339588","0.000915561713691727","0.160682627811056"
"3","Train","22","0.000463029322034862","0.000602211921351217","0.101782179725828"
"4","Val","5","0.00109348609425243","0.00197655269171424","0.245892524084411"
"5","Val","10","0.000908943451701995","0.00167880811951012","0.160087892183484"
"6","Val","22","0.000803450788307689","0.00148744328679237","0.127214793541558"
"7","Test","5","0.00115174859880779","0.0017387829737087","0.191035614379541"
"8","Test","10","0.00088794503766621","0.00132867036660344","0.11815714691321"
"9","Test","22","0.000847074277923746","0.00120996610263586","0.101436644371198"
