"","Set-GARCH-LSTM","Window","MAE","RMSE","MAPE"
"1","Train","5","0.00101255659754578","0.00138458877038582","0.287873876952992"
"2","Train","10","0.00062503585963895","0.000854780951700785","0.146447477682584"
"3","Train","22","0.000447380716427094","0.000600446557047027","0.0956010919137315"
"4","Val","5","0.00131617522060652","0.00191810188685814","0.197861859824076"
"5","Val","10","0.00120900708911608","0.00167288498683587","0.152795152793421"
"6","Val","22","0.00126169411566673","0.00167722147507425","0.149582006932219"
"7","Test","5","0.00123194954751469","0.00171124780791472","0.194260488292796"
"8","Test","10","0.00107071802643447","0.00141104169588485","0.143081761048038"
"9","Test","22","0.00106251586295395","0.0013487196768382","0.136425630393079"
