"","Set-GARCH-LSTM","Window","MAE","RMSE","MAPE"
"1","Train","5","0.00114257508303971","0.00154756920296301","0.312952059061039"
"2","Train","10","0.000717499922339934","0.000995443065768754","0.161053410369041"
"3","Train","22","0.000496455941963666","0.000676261297861756","0.092038043611644"
"4","Val","5","0.00128167502602214","0.00197404865391156","0.282004896730209"
"5","Val","10","0.00116511569853455","0.00188013378346162","0.200074754430029"
"6","Val","22","0.00111424669261966","0.00191580561524929","0.16772523756307"
"7","Test","5","0.00151073479030114","0.00207654621150566","0.22811035090238"
"8","Test","10","0.00144907593018995","0.00191704113692496","0.192802933580079"
"9","Test","22","0.00151904826970595","0.00190427786703574","0.197088104374905"
