"","Set-G-E-LSTM","Window","MAE","RMSE","MAPE"
"1","Train","5","0.00115343463592291","0.0015317096942911","0.316394861279167"
"2","Train","10","0.000676731224483675","0.000905842838345888","0.155481751862298"
"3","Train","22","0.000439733679334863","0.000580173960192164","0.0940945787501601"
"4","Val","5","0.00102790255670266","0.00153241657223264","0.244920708058407"
"5","Val","10","0.000855367556913129","0.00128935828335543","0.161686329481346"
"6","Val","22","0.000795731924505116","0.00123280200414257","0.133127417136119"
"7","Test","5","0.0011353774585951","0.00162259893716805","0.186565951630793"
"8","Test","10","0.000920314264653146","0.00128937083723025","0.122705784604328"
"9","Test","22","0.000913613665242929","0.00122929374320595","0.11165561009873"
