"","Set-GARCH-GRU","Window","MAE","RMSE","MAPE"
"1","Train","5","0.00108009535982469","0.00148181030471088","0.298360094821032"
"2","Train","10","0.000667475799976467","0.000913411714827984","0.152796788808402"
"3","Train","22","0.000445229711152988","0.000620005017946181","0.0867900383422113"
"4","Val","5","0.00103258815682905","0.00174654450419864","0.227021584554652"
"5","Val","10","0.000843027180574653","0.00151100740504499","0.143417004913812"
"6","Val","22","0.00076838646320122","0.00145304878829069","0.114578713187353"
"7","Test","5","0.00120859975502985","0.00180362056562661","0.189495341497087"
"8","Test","10","0.00100613578663706","0.0014727479710964","0.129756770152852"
"9","Test","22","0.000975095139011666","0.00135482581383663","0.119078209371949"
