"","Set-GARCH-GRU","Window","MAE","RMSE","MAPE"
"1","Train","5","0.0010931553958047","0.00144352154771873","0.31014033389906"
"2","Train","10","0.000657315632025045","0.000858391531346542","0.159557037256297"
"3","Train","22","0.000446938253848927","0.000571804157328102","0.102975214245586"
"4","Val","5","0.000995952823604972","0.00153266921660407","0.252651763467673"
"5","Val","10","0.000776495077876612","0.00124455639574639","0.15842559459299"
"6","Val","22","0.000693028612333572","0.00120552958178135","0.12382521616634"
"7","Test","5","0.00110184128919018","0.0016108778961635","0.198309649323392"
"8","Test","10","0.000783189933629629","0.00116419370185065","0.112880839160339"
"9","Test","22","0.000720694742069469","0.00107551602670697","0.0900693104367885"
