"","Set-G-E-LSTM","Window","MAE","RMSE","MAPE"
"1","Train","5","0.00104862784242214","0.00142591885769783","0.297409812687808"
"2","Train","10","0.000644166038376037","0.000879011916200308","0.15128809681235"
"3","Train","22","0.000459985893402104","0.000613672235607879","0.0987906925323556"
"4","Val","5","0.00139836260014585","0.00200716617586549","0.213840635154703"
"5","Val","10","0.00130632368190361","0.00180565051880679","0.171484012138223"
"6","Val","22","0.00137964934743892","0.00183775581887952","0.169294467303002"
"7","Test","5","0.00126216843606579","0.00174125383264975","0.197380197578598"
"8","Test","10","0.0011220510579324","0.00147836938917352","0.151068475907875"
"9","Test","22","0.00112544251363126","0.00142287579609632","0.146350170217634"
