"","Set-G-E-GRU","Window","MAE","RMSE","MAPE"
"1","Train","5","0.00101508969021345","0.00139640720485625","0.276615470273325"
"2","Train","10","0.000633450498229002","0.000866874264818016","0.141790571023274"
"3","Train","22","0.000455681836602518","0.000609301387741276","0.093871476897171"
"4","Val","5","0.00117892553056301","0.00194442806370446","0.195987585158502"
"5","Val","10","0.000989177861323315","0.00163857115603571","0.129849230845592"
"6","Val","22","0.000949795389428007","0.00156524362005937","0.110181890594795"
"7","Test","5","0.00115965163140194","0.00170483351429487","0.189091003918702"
"8","Test","10","0.000937887696445678","0.0013422018396634","0.125925851142446"
"9","Test","22","0.000888018611093837","0.00121562009676774","0.113301239561912"
