"","Set-GARCH-GRU","Window","MAE","RMSE","MAPE"
"1","Train","5","0.00130112091940728","0.00193736243320061","0.352181716071"
"2","Train","10","0.000880932889658137","0.00133227660816736","0.198518938591138"
"3","Train","22","0.000696637949155184","0.00114876125024707","0.138036284828511"
"4","Val","5","0.00117886479170138","0.00166418546727243","0.225561877608731"
"5","Val","10","0.000912392823271506","0.00132972493523672","0.14380634580597"
"6","Val","22","0.00078773896713097","0.0011463231530396","0.110566592714234"
"7","Test","5","0.0012322309665096","0.00176806268155028","0.217641847768738"
"8","Test","10","0.000908492135445515","0.00135845174053084","0.122767453145959"
"9","Test","22","0.000801583731106758","0.00122008098771946","0.095835833608064"
