"","Set-GARCH-GRU","Window","MAE","RMSE","MAPE"
"1","Train","5","0.00101379253881761","0.00140800364062003","0.270397818564196"
"2","Train","10","0.000637899600066933","0.000883138503214127","0.138774500318733"
"3","Train","22","0.000471767846116532","0.000633025448093763","0.0944111105791576"
"4","Val","5","0.0012474900250298","0.00210306968288405","0.192648515109577"
"5","Val","10","0.00109871447010285","0.001816101292965","0.135910632172767"
"6","Val","22","0.00107683414743794","0.00171885871360905","0.12213351659119"
"7","Test","5","0.00119797568091294","0.00175773206344119","0.185961267147047"
"8","Test","10","0.00101693450194406","0.00141998489005478","0.133718629862047"
"9","Test","22","0.000993080320559668","0.00130133513221671","0.127000798318362"
