"","Set-G-E-GRU","Window","MAE","RMSE","MAPE"
"1","Train","5","0.00110598932313096","0.00146491890903619","0.31374039166519"
"2","Train","10","0.000657095586324837","0.000862004652843107","0.159597004261496"
"3","Train","22","0.000430350496135915","0.000551381537402552","0.100099405159672"
"4","Val","5","0.0010413162993434","0.00166792558810595","0.253230280816285"
"5","Val","10","0.000841385471680535","0.00135415177589795","0.164109260864916"
"6","Val","22","0.000758088217320316","0.00122991932730129","0.133281993756565"
"7","Test","5","0.00109377497494372","0.00163703224536229","0.188456078012618"
"8","Test","10","0.000806801431938623","0.00119588665479241","0.111510851136696"
"9","Test","22","0.000752781791533824","0.00107849895664786","0.0925063803507217"
