"","Set-G-E-GRU","Window","MAE","RMSE","MAPE"
"1","Train","5","0.00120862676558549","0.00190745916981857","0.309365885986102"
"2","Train","10","0.000723577920729134","0.00116592837619151","0.155709301104308"
"3","Train","22","0.000491041743971861","0.000821467063511683","0.0970176352506844"
"4","Val","5","0.000860487430882499","0.0012216469196215","0.165698013962475"
"5","Val","10","0.000595829961468472","0.000849741214918478","0.0957177038539022"
"6","Val","22","0.000478202604142747","0.000681091883787353","0.0686749049208765"
"7","Test","5","0.000935426860566078","0.00139113063886623","0.16617101519756"
"8","Test","10","0.000591899896228821","0.00090463134220922","0.0818589698816653"
"9","Test","22","0.000472131244688034","0.000716488133827069","0.0571641479244452"
