"","Set-LSTM","Window","MAE","RMSE","MAPE"
"1","Train","5","0.00141234595540877","0.00215472354885128","0.370798198063618"
"2","Train","10","0.000961850218288334","0.0014887981428911","0.209220224667034"
"3","Train","22","0.000756403294526053","0.00120864806474775","0.146947290417653"
"4","Val","5","0.00127658530352589","0.00176080870536625","0.226611895867916"
"5","Val","10","0.00106833312485043","0.00149050618704002","0.157601404121221"
"6","Val","22","0.000952424174490735","0.00134045778827069","0.126680419543699"
"7","Test","5","0.00129389171593861","0.00176064139022892","0.219810118767353"
"8","Test","10","0.0010302475488368","0.00138686446412972","0.137946295365393"
"9","Test","22","0.000962040040587141","0.00124854703863351","0.118661178604877"
