"","Set-LSTM","Window","MAE","RMSE","MAPE"
"1","Train","5","0.0010768566847225","0.00146786197321714","0.298337199890754"
"2","Train","10","0.000664442609155168","0.000906499233965443","0.151639084617325"
"3","Train","22","0.000466891531099789","0.000628276174915801","0.0978047804035114"
"4","Val","5","0.00127329389558883","0.00202029841884366","0.206173332538099"
"5","Val","10","0.0011539002957819","0.00179000058661957","0.150461812127351"
"6","Val","22","0.00115057915394916","0.00172418103154642","0.137071685894861"
"7","Test","5","0.00118845926113608","0.00168752592951877","0.18624464977507"
"8","Test","10","0.00103717379484532","0.00140879768695587","0.137744381749696"
"9","Test","22","0.00102721608488967","0.00132346955851115","0.132147969318564"
